{
  "categories": [
    { "id": 0, "name": "Semua" },
    { "id": 1, "name": "Teratas" },
    { "id": 2, "name": "Olahraga" },
    { "id": 3, "name": "Bisnis" },
    { "id": 4, "name": "Hiburan" },
    { "id": 5, "name": "Teknologi" },
    { "id": 6, "name": "Kesehatan" },
    { "id": 7, "name": "Sains" }
  ],
  "featured_articles": [
    {
      "id": 2001,
      "category": "Teratas",
      "title": "KTT Iklim Jakarta Mantapkan Dana Transisi Energi ASEAN",
      "summary": "Para pemimpin menyetujui dana hijau Rp75 triliun untuk proyek energi terbarukan kawasan.",
      "source": "Kompas",
      "publishedAt": "2025-10-15 08:30",
      "accentColor": "#0EA5E9",
      "tag": "transisi-energi",
      "heroImageUrl": "https://images.unsplash.com/photo-1500530855697-b586d89ba3ee?auto=format&fit=crop&w=1200&q=80",
      "isFeatured": true,
      "content": [
        "Kesepakatan menargetkan pembangunan 48 proyek pembangkit surya dan angin dalam lima tahun.",
        "Pendanaan ditopang konsorsium bank pembangunan serta komitmen swasta dari Indonesia dan Singapura."
      ]
    },
    {
      "id": 2002,
      "category": "Bisnis",
      "title": "Rupiah Menguat Setelah Bank Indonesia Jaga Suku Bunga",
      "summary": "Nilai tukar menembus Rp15.200 per dolar AS usai BI mempertahankan BI-Rate di 6,25 persen.",
      "source": "Bisnis Indonesia",
      "publishedAt": "2025-10-15 11:15",
      "accentColor": "#F59E0B",
      "tag": "pasar-keuangan",
      "heroImageUrl": "https://images.unsplash.com/photo-1489515217757-5fd1be406fef?auto=format&fit=crop&w=1200&q=80",
      "isFeatured": true,
      "content": [
        "Surplus neraca perdagangan dan arus masuk portofolio menopang penguatan mata uang.",
        "Pelaku pasar menilai komunikasi BI yang konsisten membuat volatilitas pekan ini menurun."
      ]
    },
    {
      "id": 2003,
      "category": "Teknologi",
      "title": "Startup Lokal Luncurkan Model AI Berbahasa Nusantara",
      "summary": "Perusahaan rintisan LinguaCore memperkenalkan model bahasa yang dilatih pada 12 dialek daerah.",
      "source": "Tekno.id",
      "publishedAt": "2025-10-15 09:45",
      "accentColor": "#8B5CF6",
      "tag": "ai-nusantara",
      "heroImageUrl": "https://images.unsplash.com/photo-1498050108023-c5249f4df085?auto=format&fit=crop&w=1200&q=80",
      "isFeatured": true,
      "content": [
        "Model ini diklaim mampu menjawab pertanyaan layanan publik dalam bahasa Indonesia, Jawa, Sunda, hingga Bugis.",
        "LinguaCore menggandeng pemerintah daerah untuk mengintegrasikan sistem ke pusat layanan terpadu."
      ]
    }
  ],
  "articles": [
    {
      "id": 2101,
      "category": "Teratas",
      "title": "Tol Laut Generasi Baru Siap Layani 15 Pelabuhan Timur 2026",
      "summary": "Kemenhub membuka tender kapal berpendingin untuk memperkuat distribusi logistik pangan ke Maluku dan Papua.",
      "source": "Tempo",
      "publishedAt": "2025-10-14 17:40",
      "accentColor": "#0EA5E9",
      "tag": "logistik",
      "heroImageUrl": "https://images.unsplash.com/photo-1521737604893-d14cc237f11d?auto=format&fit=crop&w=1200&q=80",
      "isFeatured": false,
      "content": [
        "Skema subsidi mengutamakan komoditas pangan, obat-obatan, dan bahan bakar untuk wilayah kepulauan.",
        "Pelaku usaha menyambut baik karena tarif angkut diproyeksi turun 15 persen."
      ]
    },
    {
      "id": 2102,
      "category": "Teratas",
      "title": "BMKG: Musim Hujan Dimajukan, Pemerintah Siapkan Operasi Pangan",
      "summary": "Curah hujan tinggi diprediksi merata mulai akhir Oktober di sebagian besar Jawa dan Sumatera.",
      "source": "Antara",
      "publishedAt": "2025-10-14 06:20",
      "accentColor": "#0EA5E9",
      "tag": "cuaca",
      "heroImageUrl": "https://images.unsplash.com/photo-1470246973918-29a93221c455?auto=format&fit=crop&w=1200&q=80",
      "isFeatured": false,
      "content": [
        "Kementerian Pertanian menyiapkan distribusi benih cepat tanam agar petani tidak kehilangan musim tanam.",
        "Satgas Pangan akan memantau stok beras di 12 provinsi rawan banjir."
      ]
    },
    {
      "id": 2201,
      "category": "Olahraga",
      "title": "Timnas U-23 Sabet Tiket Final Piala Asia Setelah Kalahkan Korea",
      "summary": "Gol tunggal Marselino di babak tambahan membawa Indonesia menang 1-0 atas Korea Selatan.",
      "source": "Bola.com",
      "publishedAt": "2025-10-15 21:10",
      "accentColor": "#22C55E",
      "tag": "piala-asia-u23",
      "heroImageUrl": "https://images.unsplash.com/photo-1545239351-1141bd82e8a6?auto=format&fit=crop&w=1200&q=80",
      "isFeatured": false,
      "content": [
        "Penampilan gemilang kiper Ernando Ari yang menepis penalti menjadi sorotan.",
        "Pelatih Shin Tae-yong menargetkan gelar perdana dan tiket Olimpiade."
      ]
    },
    {
      "id": 2202,
      "category": "Olahraga",
      "title": "Jakarta Gelar Lari Malam Nusantara, 25 Ribu Peserta Padati Sudirman",
      "summary": "Ajang lari bertema budaya tersebut menggabungkan musik daerah dan pasar UMKM di garis finish.",
      "source": "CNN Indonesia",
      "publishedAt": "2025-10-13 23:55",
      "accentColor": "#22C55E",
      "tag": "lari-nusantara",
      "heroImageUrl": "https://images.unsplash.com/photo-1517649763962-0c623066013b?auto=format&fit=crop&w=1200&q=80",
      "isFeatured": false,
      "content": [
        "Penyelenggara menyiapkan jalur khusus penyandang disabilitas dan komunitas lari anak.",
        "Pemprov DKI mencatat transaksi UMKM mencapai Rp4,8 miliar sepanjang acara."
      ]
    },
    {
      "id": 2301,
      "category": "Bisnis",
      "title": "BUMN Konstruksi Bentuk Konsorsium Baja Nikel Untuk Proyek IKN",
      "summary": "Holding BUMN menggandeng produsen daerah untuk memasok rangka baja tahan korosi.",
      "source": "Investor Daily",
      "publishedAt": "2025-10-14 10:15",
      "accentColor": "#F59E0B",
      "tag": "ikn",
      "heroImageUrl": "https://images.unsplash.com/photo-1454165205744-3b78555e5572?auto=format&fit=crop&w=1200&q=80",
      "isFeatured": false,
      "content": [
        "Nilai kontrak awal mencapai Rp12 triliun untuk pembangunan gedung pemerintahan tahap dua.",
        "Konsorsium menjanjikan 60 persen komponen diproduksi di dalam negeri."
      ]
    },
    {
      "id": 2302,
      "category": "Bisnis",
      "title": "Penjualan Ritel September Tumbuh 8,2 Persen, Didorong Produk Rumah Tangga",
      "summary": "Survei Bank Indonesia mencatat peningkatan permintaan elektronik dan perabot jelang liburan akhir tahun.",
      "source": "Katadata",
      "publishedAt": "2025-10-13 19:00",
      "accentColor": "#F59E0B",
      "tag": "ritel",
      "heroImageUrl": "https://images.unsplash.com/photo-1514996937319-344454492b37?auto=format&fit=crop&w=1200&q=80",
      "isFeatured": false,
      "content": [
        "Diskon belanja daring serta program cicilan nol persen disebut jadi penopang utama.",
        "BI memproyeksi pertumbuhan ritel berlanjut seiring bonus akhir tahun dan belanja pemerintah."
      ]
    },
    {
      "id": 2401,
      "category": "Hiburan",
      "title": "Festival Film Bandung Hadirkan Fokus Animasi Lokal",
      "summary": "Lima studio independen merilis film pendek yang mengangkat cerita rakyat Sunda.",
      "source": "Detikcom",
      "publishedAt": "2025-10-15 14:05",
      "accentColor": "#EC4899",
      "tag": "film-bandung",
      "heroImageUrl": "https://images.unsplash.com/photo-1525182008055-f88b95ff7980?auto=format&fit=crop&w=1200&q=80",
      "isFeatured": false,
      "content": [
        "Kurator festival menyediakan lokakarya teknik animasi 2D dan pemasaran konten digital.",
        "Penonton anak-anak dibebaskan dari biaya tiket untuk slot penayangan siang."
      ]
    },
    {
      "id": 2402,
      "category": "Hiburan",
      "title": "Konser Amal Jazz for Hope Galang Dana Pendidikan Anak Laut",
      "summary": "Acara di Surabaya menghadirkan kolaborasi musisi jazz dan orkestra tradisional Madura.",
      "source": "Media Indonesia",
      "publishedAt": "2025-10-14 22:10",
      "accentColor": "#EC4899",
      "tag": "jazz-for-hope",
      "heroImageUrl": "https://images.unsplash.com/photo-1497032628192-86f99bcd76bc?auto=format&fit=crop&w=1200&q=80",
      "isFeatured": false,
      "content": [
        "Panitia menargetkan dana Rp5 miliar untuk membangun 20 rumah belajar apung.",
        "Penjualan tiket daring meningkat dua kali lipat setelah kampanye di media sosial."
      ]
    },
    {
      "id": 2501,
      "category": "Teknologi",
      "title": "Lintasarta Resmi Aktifkan Pusat Data Hijau di Batam",
      "summary": "Pusat data menggunakan pendinginan laut dan listrik dari panel surya terapung.",
      "source": "DailySocial",
      "publishedAt": "2025-10-15 07:30",
      "accentColor": "#8B5CF6",
      "tag": "pusat-data",
      "heroImageUrl": "https://images.unsplash.com/photo-1475721027785-f74eccf877e2?auto=format&fit=crop&w=1200&q=80",
      "isFeatured": false,
      "content": [
        "Kapasitas awal 40 MW siap melayani startup dan lembaga keuangan yang butuh latensi rendah.",
        "Perusahaan menargetkan sertifikasi netral karbon pada 2027."
      ]
    },
    {
      "id": 2502,
      "category": "Teknologi",
      "title": "Observatorium Nasional Rilis Data Satelit Cuaca Secara Terbuka",
      "summary": "Data resolusi tinggi kini dapat diakses peneliti dan pengembang aplikasi mitigasi bencana.",
      "source": "Kominfo",
      "publishedAt": "2025-10-13 16:25",
      "accentColor": "#8B5CF6",
      "tag": "data-terbuka",
      "heroImageUrl": "https://images.unsplash.com/photo-1504384308090-c894fdcc538d?auto=format&fit=crop&w=1200&q=80",
      "isFeatured": false,
      "content": [
        "Peluncuran portal dilengkapi dokumentasi API dan dashboard visualisasi curah hujan.",
        "BMKG berharap kolaborasi startup dapat mempercepat peringatan dini banjir bandang."
      ]
    },
    {
      "id": 2601,
      "category": "Kesehatan",
      "title": "Vaksin Dengue Generasi Kedua Mulai Diedarkan di 10 Kota",
      "summary": "Biofarma bekerja sama dengan fasilitas kesehatan daerah untuk program imunisasi pelajar SMP.",
      "source": "Sehat Negeriku",
      "publishedAt": "2025-10-14 09:00",
      "accentColor": "#10B981",
      "tag": "vaksin-dengue",
      "heroImageUrl": "https://images.unsplash.com/photo-1582719478250-c89cae4dc85b?auto=format&fit=crop&w=1200&q=80",
      "isFeatured": false,
      "content": [
        "Tahap awal menargetkan 280 ribu anak di wilayah dengan angka DBD tertinggi.",
        "Ahli epidemiologi mengingatkan pentingnya menjaga kebersihan lingkungan sebagai langkah pendamping."
      ]
    },
    {
      "id": 2602,
      "category": "Kesehatan",
      "title": "Rumah Sakit Apung Nasional Selesaikan Misi Kesehatan di Seram Utara",
      "summary": "Lebih dari 3.500 warga mengikuti pelayanan operasi minor, gizi, dan kesehatan ibu.",
      "source": "Berita Satu",
      "publishedAt": "2025-10-13 12:40",
      "accentColor": "#10B981",
      "tag": "layanan-kesehatan",
      "heroImageUrl": "https://images.unsplash.com/photo-1526256262350-7da7584cf5eb?auto=format&fit=crop&w=1200&q=80",
      "isFeatured": false,
      "content": [
        "Program digelar bersama relawan kedokteran kampus dan TNI AL selama 12 hari.",
        "Fokus layanan berikutnya diarahkan ke Kepulauan Talaud pada November."
      ]
    },
    {
      "id": 2701,
      "category": "Sains",
      "title": "LIPI Kembangkan Sensor Mikroplastik Untuk Sungai Padat Industri",
      "summary": "Perangkat mampu mendeteksi partikel 10 mikron dengan pengiriman data real-time via IoT.",
      "source": "Nature Indonesia",
      "publishedAt": "2025-10-15 13:00",
      "accentColor": "#06B6D4",
      "tag": "mikroplastik",
      "heroImageUrl": "https://images.unsplash.com/photo-1434030216411-0b793f4b4173?auto=format&fit=crop&w=1200&q=80",
      "isFeatured": false,
      "content": [
        "Prototipe diuji di Sungai Citarum dengan akurasi 92 persen dibanding laboratorium.",
        "Sensor akan diproduksi massal bersama mitra manufaktur di Bekasi."
      ]
    },
    {
      "id": 2702,
      "category": "Sains",
      "title": "Peneliti ITB Temukan Metode Simulasi Letusan Gunung Api Lebih Cepat",
      "summary": "Algoritma baru memotong waktu komputasi hingga 40 persen untuk memprediksi sebaran awan panas.",
      "source": "Sains Kompas",
      "publishedAt": "2025-10-14 11:35",
      "accentColor": "#06B6D4",
      "tag": "vulkanologi",
      "heroImageUrl": "https://images.unsplash.com/photo-1423666639041-f56000c27a9a?auto=format&fit=crop&w=1200&q=80",
      "isFeatured": false,
      "content": [
        "Model digunakan untuk memetakan skenario erupsi Gunung Merapi dan Semeru.",
        "BPPTKG menyebut metode ini bisa meningkatkan akurasi evakuasi warga rentan."
      ]
    },

    {
      "id": 2103,
      "category": "Teratas",
      "title": "Bandara Ibu Kota Nusantara Gelar Uji Coba Operasional Terbatas",
      "summary": "Penerbangan kalibrasi dan prosedur darurat diuji menjelang pembukaan layanan komersial.",
      "source": "Kompas",
      "publishedAt": "2025-10-16 09:10",
      "accentColor": "#0EA5E9",
      "tag": "ikn-bandara",
      "heroImageUrl": "https://picsum.photos/seed/ikn-bandara/1200/800",
      "isFeatured": false,
      "content": [
        "Otoritas menilai kesiapan runway, navigasi, dan fasilitas penumpang.",
        "Maskapai diminta menyusun rute perintis untuk fase awal."
      ]
    },
    {
      "id": 2104,
      "category": "Teratas",
      "title": "Pemerintah Tetapkan Cuti Bersama Akhir Tahun untuk Dorong Wisata",
      "summary": "Kemenparekraf proyeksikan pergerakan 12 juta wisatawan domestik selama periode libur panjang.",
      "source": "Tempo",
      "publishedAt": "2025-10-16 07:20",
      "accentColor": "#0EA5E9",
      "tag": "libur-nataru",
      "heroImageUrl": "https://picsum.photos/seed/libur-nataru/1200/800",
      "isFeatured": false,
      "content": [
        "Daerah tujuan favorit menyiapkan paket event dan diskon hotel.",
        "Korlantas menambah pos pantau untuk antisipasi kepadatan."
      ]
    },
    {
      "id": 2105,
      "category": "Teratas",
      "title": "PBB Serukan Aksi Global Percepat Adaptasi Iklim Perkotaan",
      "summary": "Riset terbaru menyoroti kota-kota pesisir di Asia Tenggara sebagai prioritas mitigasi banjir rob.",
      "source": "BBC",
      "publishedAt": "2025-10-15 18:00",
      "accentColor": "#0EA5E9",
      "tag": "adaptasi-iklim",
      "heroImageUrl": "https://picsum.photos/seed/adaptasi-iklim/1200/800",
      "isFeatured": false,
      "content": [
        "Rekomendasi mencakup infrastruktur hijau dan sistem peringatan dini.",
        "Pendanaan diarahkan pada proyek mikro di lingkungan padat penduduk."
      ]
    },
    {
      "id": 2106,
      "category": "Teratas",
      "title": "Kereta Cepat Tambah Jadwal Akhir Pekan, Kapasitas Naik 20%",
      "summary": "Operator menyesuaikan frekuensi perjalanan rute Jakarta–Bandung jelang musim liburan.",
      "source": "Detikcom",
      "publishedAt": "2025-10-15 12:25",
      "accentColor": "#0EA5E9",
      "tag": "whoosh",
      "heroImageUrl": "https://picsum.photos/seed/whoosh/1200/800",
      "isFeatured": false,
      "content": [
        "Penambahan jadwal di jam padat pagi dan sore.",
        "Promosi bundling tiket dan hotel diperluas ke aplikasi mitra."
      ]
    },
    {
      "id": 2107,
      "category": "Teratas",
      "title": "BNPB Perkuat Sistem Peringatan Dini Banjir di 30 Kabupaten",
      "summary": "Pemasangan sensor tinggi muka air terhubung ke dashboard publik.",
      "source": "Antara",
      "publishedAt": "2025-10-14 20:00",
      "accentColor": "#0EA5E9",
      "tag": "peringatan-dini",
      "heroImageUrl": "https://picsum.photos/seed/peringatan-dini/1200/800",
      "isFeatured": false,
      "content": [
        "Relawan desa dilatih untuk respons cepat dan evakuasi.",
        "Integrasi notifikasi ke aplikasi pesan singkat lokal."
      ]
    },
    {
      "id": 2108,
      "category": "Teratas",
      "title": "UNESCO Tambahkan Dua Situs Indonesia ke Daftar Warisan Dunia",
      "summary": "Pengakuan mendorong konservasi dan potensi pariwisata berkelanjutan.",
      "source": "The Guardian",
      "publishedAt": "2025-10-13 15:35",
      "accentColor": "#0EA5E9",
      "tag": "warisan-dunia",
      "heroImageUrl": "https://picsum.photos/seed/unesco-ri/1200/800",
      "isFeatured": false,
      "content": [
        "Kementerian terkait menyiapkan rencana pengelolaan terpadu.",
        "Komunitas lokal dilibatkan dalam paket edukasi pengunjung."
      ]
    },

    {
      "id": 2203,
      "category": "Olahraga",
      "title": "Pelari Indonesia Pecahkan Rekor Nasional 10K di Seoul",
      "summary": "Catatan waktu pribadi terbaik sekaligus rekor nasional baru di ajang jalan raya internasional.",
      "source": "Reuters",
      "publishedAt": "2025-10-16 06:45",
      "accentColor": "#22C55E",
      "tag": "lari-10k",
      "heroImageUrl": "https://picsum.photos/seed/run-seoul/1200/800",
      "isFeatured": true,
      "content": [
        "Pelatih menargetkan kualifikasi ajang multi-event tahun depan.",
        "Federasi siapkan pelatnas khusus nomor jalan raya."
      ]
    },
    {
      "id": 2204,
      "category": "Olahraga",
      "title": "Grand Prix Mandalika Sukses, Penonton Tembus 110 Ribu",
      "summary": "Event balap motor dunia kembali dongkrak hunian hotel Lombok.",
      "source": "CNBC Indonesia",
      "publishedAt": "2025-10-15 19:30",
      "accentColor": "#22C55E",
      "tag": "gp-mandalika",
      "heroImageUrl": "https://picsum.photos/seed/mandalika-gp/1200/800",
      "isFeatured": false,
      "content": [
        "UMKM kuliner dan kriya catat lonjakan transaksi.",
        "Penyelenggara evaluasi akses transportasi menuju sirkuit."
      ]
    },
    {
      "id": 2205,
      "category": "Olahraga",
      "title": "Tim Bola Basket Putri Raih Emas di Kejuaraan Asia Level B",
      "summary": "Kemenangan dramatis lewat tembakan tiga angka di detik akhir.",
      "source": "ESPN",
      "publishedAt": "2025-10-14 21:10",
      "accentColor": "#22C55E",
      "tag": "basket-putri",
      "heroImageUrl": "https://picsum.photos/seed/basket-putri/1200/800",
      "isFeatured": false,
      "content": [
        "Program liga putri dipercepat untuk pembinaan atlet muda.",
        "Sponsor baru masuk mendukung musim depan."
      ]
    },
    {
      "id": 2206,
      "category": "Olahraga",
      "title": "Indonesia Menang Tipis di Kualifikasi Piala Dunia Zona Asia",
      "summary": "Gol penentu lahir dari skema bola mati pada menit akhir.",
      "source": "AFC",
      "publishedAt": "2025-10-14 18:40",
      "accentColor": "#22C55E",
      "tag": "kualifikasi-pildun",
      "heroImageUrl": "https://picsum.photos/seed/kualifikasi-asia/1200/800",
      "isFeatured": false,
      "content": [
        "Pelatih fokus peningkatan organisasi pertahanan.",
        "Laga berikutnya digelar di kandang dengan kapasitas penuh."
      ]
    },
    {
      "id": 2207,
      "category": "Olahraga",
      "title": "Maraton Bali Perkenalkan Rute Pesisir Baru Ramah Penonton",
      "summary": "Rute memadukan pemandangan pantai dan desa wisata.",
      "source": "Kompas",
      "publishedAt": "2025-10-13 07:55",
      "accentColor": "#22C55E",
      "tag": "maraton-bali",
      "heroImageUrl": "https://picsum.photos/seed/bali-marathon/1200/800",
      "isFeatured": false,
      "content": [
        "Warga lokal dilibatkan sebagai marshal dan pemandu.",
        "Pembalap kursi roda mendapatkan wave start khusus."
      ]
    },

    {
      "id": 2303,
      "category": "Bisnis",
      "title": "IHSG Menguat Didukung Sektor Perbankan dan Konsumer",
      "summary": "Aliran dana asing kembali masuk seiring meredanya volatilitas global.",
      "source": "Bloomberg",
      "publishedAt": "2025-10-16 10:20",
      "accentColor": "#F59E0B",
      "tag": "ihsg",
      "heroImageUrl": "https://picsum.photos/seed/ihsg-green/1200/800",
      "isFeatured": false,
      "content": [
        "Kenaikan saham big cap mendorong kapitalisasi pasar ke rekor baru.",
        "Analis melihat ruang penguatan lanjutan jika inflasi terkendali."
      ]
    },
    {
      "id": 2304,
      "category": "Bisnis",
      "title": "Nikkei Asia: Produsen Baterai Siapkan Pabrik Baru di Indonesia",
      "summary": "Fasilitas akan memasok kendaraan listrik untuk pasar Asia Tenggara.",
      "source": "Nikkei Asia",
      "publishedAt": "2025-10-16 05:50",
      "accentColor": "#F59E0B",
      "tag": "ekosistem-ev",
      "heroImageUrl": "https://picsum.photos/seed/ev-battery/1200/800",
      "isFeatured": false,
      "content": [
        "Insentif fiskal dan ketersediaan nikel menjadi daya tarik utama.",
        "Pabrik diproyeksi menyerap puluhan ribu tenaga kerja."
      ]
    },
    {
      "id": 2305,
      "category": "Bisnis",
      "title": "Startup Logistik Raih Pendanaan Seri B untuk Perluasan Gudang Dingin",
      "summary": "Pendanaan difokuskan pada jaringan cold chain bahan pangan.",
      "source": "Tech in Asia",
      "publishedAt": "2025-10-15 13:40",
      "accentColor": "#F59E0B",
      "tag": "logistik-dingin",
      "heroImageUrl": "https://picsum.photos/seed/cold-chain/1200/800",
      "isFeatured": false,
      "content": [
        "Mitra ritel modern siapkan kontrak jangka panjang.",
        "Ekspansi tahap pertama menyasar Jawa dan Sumatera."
      ]
    },
    {
      "id": 2306,
      "category": "Bisnis",
      "title": "Harga Minyak Melemah, Tekanan pada Subsidi Energi Berkurang",
      "summary": "Pemerintah meninjau ulang asumsi makro APBN jelang akhir tahun.",
      "source": "CNBC",
      "publishedAt": "2025-10-15 09:05",
      "accentColor": "#F59E0B",
      "tag": "harga-minyak",
      "heroImageUrl": "https://picsum.photos/seed/oil-market/1200/800",
      "isFeatured": false,
      "content": [
        "Analis memperkirakan kisaran harga stabil dalam jangka pendek.",
        "Sektor transportasi dan manufaktur berpotensi diuntungkan."
      ]
    },
    {
      "id": 2307,
      "category": "Bisnis",
      "title": "UMKM Expo 2025 Catat Transaksi Rekor di Jakarta Convention Center",
      "summary": "Produk kriya dan kuliner mendominasi penjualan sepanjang pameran.",
      "source": "Okezone",
      "publishedAt": "2025-10-13 16:30",
      "accentColor": "#F59E0B",
      "tag": "umkm-expo",
      "heroImageUrl": "https://picsum.photos/seed/umkm-expo/1200/800",
      "isFeatured": false,
      "content": [
        "Kurasi produk menekankan bahan lokal dan desain ramah lingkungan.",
        "Platform pembayaran digital memudahkan transaksi pelaku usaha."
      ]
    },

    {
      "id": 2403,
      "category": "Hiburan",
      "title": "Film Aksi Lokal Tembus 5 Juta Penonton dalam 10 Hari",
      "summary": "Kampanye digital dan test screening disebut kunci keberhasilan.",
      "source": "Variety",
      "publishedAt": "2025-10-16 08:40",
      "accentColor": "#EC4899",
      "tag": "box-office-id",
      "heroImageUrl": "https://picsum.photos/seed/box-office-id/1200/800",
      "isFeatured": false,
      "content": [
        "Studio mengumumkan rencana sekuel tahun depan.",
        "Layar tambahan dibuka di jaringan bioskop daerah."
      ]
    },
    {
      "id": 2404,
      "category": "Hiburan",
      "title": "Festival Musik Nusantara Hadirkan Kolaborasi Pop dan Etnik",
      "summary": "Penonton dimanjakan paduan alat musik tradisional dan aransemen modern.",
      "source": "Billboard",
      "publishedAt": "2025-10-15 20:10",
      "accentColor": "#EC4899",
      "tag": "musik-nusantara",
      "heroImageUrl": "https://picsum.photos/seed/musik-nusantara/1200/800",
      "isFeatured": false,
      "content": [
        "Panggung ramah disabilitas dengan interpreter bahasa isyarat.",
        "Merchandise kolaborasi perajin lokal laris manis."
      ]
    },
    {
      "id": 2405,
      "category": "Hiburan",
      "title": "Serial Thriller Asia Tenggara Masuk 10 Besar Global Platform Streaming",
      "summary": "Cerita diangkat dari kasus kriminal nyata yang dibungkus fiksi.",
      "source": "The Hollywood Reporter",
      "publishedAt": "2025-10-15 10:05",
      "accentColor": "#EC4899",
      "tag": "thriller-asean",
      "heroImageUrl": "https://picsum.photos/seed/asean-thriller/1200/800",
      "isFeatured": false,
      "content": [
        "Tim produksi umumkan musim kedua dengan lokasi syuting baru.",
        "Kritikus memuji penokohan dan tata kamera yang matang."
      ]
    },
    {
      "id": 2406,
      "category": "Hiburan",
      "title": "Museum Kota Buka Pameran Seni Digital Interaktif",
      "summary": "Pengunjung bisa berinteraksi lewat sensor gerak dan proyeksi imersif.",
      "source": "Jakarta Post",
      "publishedAt": "2025-10-14 13:25",
      "accentColor": "#EC4899",
      "tag": "seni-digital",
      "heroImageUrl": "https://picsum.photos/seed/seni-digital/1200/800",
      "isFeatured": false,
      "content": [
        "Edukator menyiapkan tur khusus untuk pelajar.",
        "Karya menampilkan tema kota masa depan berkelanjutan."
      ]
    },
    {
      "id": 2407,
      "category": "Hiburan",
      "title": "Industri Gim Lokal Rilis Judul Baru Bertema Folklore",
      "summary": "Studio indie memadukan puzzle eksplorasi dan musik tradisional.",
      "source": "IGN",
      "publishedAt": "2025-10-13 11:40",
      "accentColor": "#EC4899",
      "tag": "gim-folklore",
      "heroImageUrl": "https://picsum.photos/seed/gim-folklore/1200/800",
      "isFeatured": false,
      "content": [
        "Demo mencatat unduhan tinggi di platform PC.",
        "Rencana port ke konsol diumumkan awal tahun depan."
      ]
    },

    {
      "id": 2503,
      "category": "Teknologi",
      "title": "Operator Seluler Uji 5G Advanced di Tiga Kota Besar",
      "summary": "Kecepatan puncak meningkat dan latensi lebih rendah untuk gim serta AR.",
      "source": "The Verge",
      "publishedAt": "2025-10-16 09:55",
      "accentColor": "#8B5CF6",
      "tag": "5g-advanced",
      "heroImageUrl": "https://picsum.photos/seed/5g-advanced/1200/800",
      "isFeatured": false,
      "content": [
        "Uji coba melibatkan kampus dan pelaku industri kreatif.",
        "Rencana komersialisasi bertahap tahun depan."
      ]
    },
    {
      "id": 2504,
      "category": "Teknologi",
      "title": "Pusat Riset AI Lintas Kampus Luncurkan Program Beasiswa",
      "summary": "Fokus pada computer vision untuk pertanian presisi dan mitigasi bencana.",
      "source": "IEEE Spectrum",
      "publishedAt": "2025-10-16 08:05",
      "accentColor": "#8B5CF6",
      "tag": "riset-ai",
      "heroImageUrl": "https://picsum.photos/seed/ai-scholarship/1200/800",
      "isFeatured": true,
      "content": [
        "Peserta mendapat akses komputasi GPU dan mentor industri.",
        "Kolaborasi dengan startup untuk pilot project lapangan."
      ]
    },
    {
      "id": 2505,
      "category": "Teknologi",
      "title": "Aplikasi Dompet Digital Tambah Fitur Tap to Pay NFC",
      "summary": "Transaksi ritel harian makin ringkas tanpa perangkat tambahan.",
      "source": "Gizmodo",
      "publishedAt": "2025-10-15 17:50",
      "accentColor": "#8B5CF6",
      "tag": "tap-to-pay",
      "heroImageUrl": "https://picsum.photos/seed/tap-to-pay/1200/800",
      "isFeatured": false,
      "content": [
        "Peluncuran bertahap untuk perangkat Android terbaru.",
        "Kemitraan dengan jaringan ritel modern diperluas."
      ]
    },
    {
      "id": 2506,
      "category": "Teknologi",
      "title": "Regulator Terbitkan Pedoman Etika Pengembangan AI",
      "summary": "Aturan menekankan transparansi dataset dan uji bias sebelum rilis.",
      "source": "Reuters",
      "publishedAt": "2025-10-15 10:30",
      "accentColor": "#8B5CF6",
      "tag": "etika-ai",
      "heroImageUrl": "https://picsum.photos/seed/ai-ethics/1200/800",
      "isFeatured": false,
      "content": [
        "Perusahaan diberi masa transisi untuk menyesuaikan proses.",
        "Sanksi administratif diterapkan bagi pelanggaran berat."
      ]
    },
    {
      "id": 2507,
      "category": "Teknologi",
      "title": "Komunitas Open Source Rilis Framework Backend Ringan",
      "summary": "Performa tinggi dengan jejak memori kecil untuk microservice.",
      "source": "Hacker News",
      "publishedAt": "2025-10-14 09:45",
      "accentColor": "#8B5CF6",
      "tag": "open-source",
      "heroImageUrl": "https://picsum.photos/seed/lightweight-framework/1200/800",
      "isFeatured": false,
      "content": [
        "Dukungan plugin autentikasi dan observability bawaan.",
        "Dokumentasi lengkap dengan contoh proyek produksi."
      ]
    },

    {
      "id": 2603,
      "category": "Kesehatan",
      "title": "Kemenkes Luncurkan Aplikasi Buku KIA Digital Nasional",
      "summary": "Pemantauan tumbuh kembang balita kini terintegrasi di puskesmas.",
      "source": "Kemenkes",
      "publishedAt": "2025-10-16 07:10",
      "accentColor": "#10B981",
      "tag": "kia-digital",
      "heroImageUrl": "https://picsum.photos/seed/kia-digital/1200/800",
      "isFeatured": false,
      "content": [
        "Fitur pengingat imunisasi dan konsultasi gizi tersedia.",
        "Data tersinkron ke dashboard kabupaten/kota."
      ]
    },
    {
      "id": 2604,
      "category": "Kesehatan",
      "title": "WHO Rekomendasikan Strategi Vaksin Flu Musiman di Tropis",
      "summary": "Penjadwalan dosis disesuaikan pola pergerakan virus lintas khatulistiwa.",
      "source": "WHO",
      "publishedAt": "2025-10-15 08:00",
      "accentColor": "#10B981",
      "tag": "vaksin-flu",
      "heroImageUrl": "https://picsum.photos/seed/flu-shot/1200/800",
      "isFeatured": false,
      "content": [
        "Negara tropis diminta memperkuat surveilans genomik.",
        "Fokus proteksi pada kelompok rentan dan nakes."
      ]
    },
    {
      "id": 2605,
      "category": "Kesehatan",
      "title": "Program Posyandu Remaja Perkuat Layanan Kesehatan Mental",
      "summary": "Konseling dasar dan rujukan profesional disediakan secara berjenjang.",
      "source": "Sehat Negeriku",
      "publishedAt": "2025-10-13 10:35",
      "accentColor": "#10B981",
      "tag": "posyandu-remaja",
      "heroImageUrl": "https://picsum.photos/seed/youth-health/1200/800",
      "isFeatured": false,
      "content": [
        "Relawan dilatih teknik komunikasi non-stigmatis.",
        "Kolaborasi sekolah untuk skrining dini."
      ]
    },

    {
      "id": 2703,
      "category": "Sains",
      "title": "Teleskop Radio Asia Tenggara Deteksi Sinyal Cepat FRB Baru",
      "summary": "Pengamatan kolaboratif menambah katalog ledakan radio cepat.",
      "source": "Nature",
      "publishedAt": "2025-10-16 04:40",
      "accentColor": "#06B6D4",
      "tag": "frb",
      "heroImageUrl": "https://picsum.photos/seed/frb-signal/1200/800",
      "isFeatured": false,
      "content": [
        "Data dibuka untuk analisis komunitas astronomi global.",
        "Model asal-usul magnetar kembali menguat."
      ]
    },
    {
      "id": 2704,
      "category": "Sains",
      "title": "Tim Peneliti UGM Kembangkan Bio-plastik dari Rumput Laut",
      "summary": "Material terurai cepat dan cocok untuk kemasan pangan.",
      "source": "Mongabay",
      "publishedAt": "2025-10-15 14:50",
      "accentColor": "#06B6D4",
      "tag": "bioplastik",
      "heroImageUrl": "https://picsum.photos/seed/bioplastik/1200/800",
      "isFeatured": false,
      "content": [
        "Uji kualitas menunjukkan ketahanan baik pada suhu ruang.",
        "Skala produksi pilot disiapkan dengan mitra pesisir."
      ]
    },
    {
      "id": 2705,
      "category": "Sains",
      "title": "Misi Sampler Asteroid Umumkan Temuan Unsur Volatil",
      "summary": "Analisis awal mengindikasikan keberadaan air terikat mineral.",
      "source": "NASA",
      "publishedAt": "2025-10-14 08:20",
      "accentColor": "#06B6D4",
      "tag": "asteroid-sample",
      "heroImageUrl": "https://picsum.photos/seed/asteroid-sample/1200/800",
      "isFeatured": false,
      "content": [
        "Temuan penting untuk memahami awal tata surya.",
        "Sampel dibagi untuk laboratorium internasional."
      ]
    },
    {
      "id": 2706,
      "category": "Sains",
      "title": "Model Iklim Baru Prediksi Penurunan Ekstrem Gelombang Panas Kota",
      "summary": "Kombinasi atap sejuk dan ruang hijau kurangi suhu hingga 2°C.",
      "source": "Science",
      "publishedAt": "2025-10-13 09:15",
      "accentColor": "#06B6D4",
      "tag": "model-iklim",
      "heroImageUrl": "https://picsum.photos/seed/cool-roofs/1200/800",
      "isFeatured": false,
      "content": [
        "Studi lintas kota menilai efektivitas desain urban.",
        "Rekomendasi tersusun untuk kebijakan adaptasi."
      ]
    }
  ],
  "bookmarked_article_ids": [],
  "search_suggestions": [
    "Transisi energi",
    "Liga 1",
    "Nilai rupiah",
    "Festival film",
    "Startup AI",
    "Pusat data hijau",
    "Vaksin dengue",
    "Cuaca ekstrem"
  ]
}
